"Id","Name","Phone","Email"
"1","U kyaw Thaung","0934534544","kyawthaung@gmail.com"
"2","Ben","061234123","ben131@gmail.com"
"3","U Ye Win","093454544","yewin234@gmail.com"
"4","U Shew","093454354","shew345345@gmail.com"
"5","Alex","061233412","alex123@gmail.com"
"7","U Maung Myint","09345345","maungmyint23@gmail.com"
"8","Helen","07124141","helen12@gmail.com"
"9","Jenny","0614214","jenny12@gmail.com"
"10","U Kyaw Min Hein","0934534534","kyawminhein1999@gmail.com"
11,U Aung,09345345444,aung324@gmail.com
12,Jenny,061412523,jenny123@gmail.com
